district,state,population,infrastructure_index,latitude,longitude
New Delhi,Delhi,142004,82,28.6139,77.2090
North West Delhi,Delhi,3656539,68,28.7186,77.0685
South West Delhi,Delhi,2292958,71,28.5921,77.0460
Sitapur,Uttar Pradesh,4483992,34,27.5680,80.6790
Varanasi,Uttar Pradesh,3676841,57,25.3176,82.9739
Prayagraj,Uttar Pradesh,5954391,51,25.4358,81.8463
Nanded,Maharashtra,3361292,48,19.1383,77.3210
Pune,Maharashtra,9429408,78,18.5204,73.8567
Nashik,Maharashtra,6107187,63,19.9975,73.7898
Murshidabad,West Bengal,7103807,39,24.1759,88.2802
Kolkata,West Bengal,4496694,80,22.5726,88.3639
Bankura,West Bengal,3596292,47,23.2313,87.0784
Madurai,Tamil Nadu,3038252,65,9.9252,78.1198
Ramanathapuram,Tamil Nadu,1353445,44,9.3639,78.8395
Coimbatore,Tamil Nadu,3458045,74,11.0168,76.9558
Adilabad,Telangana,708952,42,19.6641,78.5320
Hyderabad,Telangana,3943323,84,17.3850,78.4867
Nalgonda,Telangana,1618416,50,17.0575,79.2684
Gaya,Bihar,4391418,38,24.7914,85.0002
Patna,Bihar,5838465,61,25.5941,85.1376
Purnia,Bihar,3264619,36,25.7771,87.4753
Barmer,Rajasthan,2603751,35,25.7521,71.3967
Jaipur,Rajasthan,6626178,69,26.9124,75.7873
Udaipur,Rajasthan,3068420,52,24.5854,73.7125
